0.009659	0.000000	9.234000	0.000000	0.063910	0.704400	69.700000	0.632156	0.260000	28.200000	16.808000	93.396000	5.604300	22.000000
0.143667	0.000000	21.802500	0.000000	0.162680	4.669080	88.400000	1.713894	1.120000	159.800000	3.820000	134.757000	13.773300	21.400000
0.120830	0.000000	2.890000	0.000000	0.445000	8.069000	76.000000	3.495200	2.000000	276.000000	18.000000	396.900000	4.210000	38.700000
18.084600	0.000000	18.100000	0.000000	0.679000	6.434000	100.000000	1.834700	24.000000	666.000000	20.200000	27.250000	29.050000	7.200000
0.028750	28.000000	15.040000	0.000000	0.464000	6.211000	28.900000	3.665900	4.000000	270.000000	18.200000	396.330000	6.210000	25.000000
0.030342	25.000000	1.020600	0.000000	0.298200	1.456180	70.400000	1.890245	3.160000	70.250000	8.170000	217.596500	1.732800	23.900000
0.019877	70.000000	1.008000	0.000000	0.140000	2.954530	47.400000	6.888464	3.500000	96.660000	14.504000	191.521400	1.335400	24.800000
0.023128	12.500000	6.532100	0.000000	0.157200	5.122760	96.100000	0.595050	3.450000	127.510000	4.864000	329.427000	16.086000	27.100000
0.171200	0.000000	8.560000	0.000000	0.520000	5.836000	91.900000	2.211000	5.000000	384.000000	20.900000	395.670000	18.660000	19.500000
15.177200	0.000000	18.100000	0.000000	0.740000	6.152000	100.000000	1.914200	24.000000	666.000000	20.200000	9.320000	26.450000	8.700000
0.092660	34.000000	6.090000	0.000000	0.433000	6.495000	18.400000	5.491700	7.000000	329.000000	16.100000	383.610000	8.670000	26.400000
0.297094	20.000000	2.818700	0.000000	0.562890	6.227950	94.500000	0.810732	4.850000	256.080000	3.380000	326.538600	1.687500	31.000000
0.015416	45.000000	6.295200	0.000000	0.467590	4.101090	21.500000	10.108488	1.100000	513.420000	5.624000	173.732800	3.213000	37.000000
0.031500	95.000000	1.470000	0.000000	0.403000	6.975000	15.300000	7.653400	3.000000	402.000000	17.000000	396.900000	4.560000	34.900000
18.302413	0.000000	16.652000	0.000000	0.606800	4.072600	92.400000	1.754228	17.040000	159.840000	9.494000	336.647000	15.034800	10.500000
0.020090	95.000000	2.680000	0.000000	0.416100	8.034000	31.900000	5.118000	4.000000	224.000000	14.700000	390.550000	2.880000	50.000000
0.095564	0.000000	4.130100	1.000000	0.356970	0.871050	53.800000	0.803572	0.800000	52.630000	11.718000	273.658000	10.419500	22.400000
0.034857	0.000000	2.491200	0.000000	0.293550	3.924050	34.500000	4.488975	4.550000	136.640000	17.776000	127.008000	7.849800	21.100000
3.696950	0.000000	18.100000	0.000000	0.718000	4.963000	91.400000	1.752300	24.000000	666.000000	20.200000	316.030000	14.000000	21.900000
0.036920	0.000000	3.168000	0.000000	0.315520	2.298450	87.300000	0.828529	2.840000	224.960000	16.928000	265.112300	2.784000	23.800000
3.876874	0.000000	8.688000	0.000000	0.101080	2.616180	90.700000	2.634405	16.080000	399.600000	17.978000	106.739100	6.048900	19.600000
0.011672	34.000000	1.948800	0.000000	0.242480	3.822200	40.400000	2.526182	6.020000	329.000000	28.014000	332.430000	4.940000	22.000000
3.693110	0.000000	18.100000	0.000000	0.713000	6.376000	88.400000	2.567100	24.000000	666.000000	20.200000	391.430000	14.650000	17.700000
9.966540	0.000000	18.100000	0.000000	0.740000	6.485000	100.000000	1.978400	24.000000	666.000000	20.200000	386.730000	18.850000	15.400000
15.023400	0.000000	18.100000	0.000000	0.614000	5.304000	97.300000	2.100700	24.000000	666.000000	20.200000	349.480000	24.910000	12.000000
0.140300	22.000000	5.860000	0.000000	0.431000	6.487000	13.000000	7.396700	7.000000	330.000000	19.100000	396.280000	5.900000	24.400000
14.050700	0.000000	18.100000	0.000000	0.597000	6.657000	100.000000	1.527500	24.000000	666.000000	20.200000	35.050000	21.220000	17.200000
0.371016	0.000000	1.736000	1.000000	0.334620	0.678040	91.300000	1.645920	5.040000	128.940000	28.884000	272.715600	7.081800	21.700000
0.511830	0.000000	6.200000	0.000000	0.507000	7.358000	71.600000	4.148000	8.000000	307.000000	17.400000	390.070000	4.730000	31.500000
8.644760	0.000000	15.023000	0.000000	0.630630	4.211240	92.600000	1.737464	6.720000	259.740000	8.282000	301.644000	13.197900	13.800000
0.590050	0.000000	21.890000	0.000000	0.624000	6.372000	97.900000	2.327400	4.000000	437.000000	21.200000	385.760000	11.120000	23.000000
0.283084	20.000000	3.255400	0.000000	0.116460	5.489600	89.400000	0.834522	3.300000	198.000000	8.710000	221.370900	0.871200	43.100000
0.298190	0.000000	6.200000	0.000000	0.504000	7.686000	17.000000	3.375100	8.000000	307.000000	17.400000	377.510000	3.920000	46.700000
3.774980	0.000000	7.240000	0.000000	0.609150	3.333120	84.700000	2.239770	7.200000	133.200000	10.100000	14.526600	13.034000	19.000000
0.206172	20.000000	1.731600	0.000000	0.341033	0.817440	32.200000	3.116532	3.400000	194.400000	12.665000	504.063000	1.940000	35.100000
0.150380	0.000000	25.650000	0.000000	0.581000	5.856000	97.000000	1.944400	2.000000	188.000000	19.100000	370.310000	25.410000	17.300000
2.779740	0.000000	19.580000	0.000000	0.871000	4.903000	97.800000	1.345900	5.000000	403.000000	14.700000	396.900000	29.290000	11.800000
0.114320	0.000000	8.560000	0.000000	0.520000	6.781000	71.300000	2.856100	5.000000	384.000000	20.900000	395.580000	7.670000	26.500000
0.092520	30.000000	4.930000	0.000000	0.428000	6.606000	42.200000	6.189900	6.000000	300.000000	16.600000	383.780000	7.370000	23.300000
0.058383	40.000000	0.937500	0.000000	0.304590	3.374800	44.400000	6.506154	0.770000	231.150000	19.109000	289.737000	2.870400	22.900000
0.279719	0.000000	6.265600	0.000000	1.541670	4.926700	93.800000	0.734208	1.000000	213.590000	9.555000	171.355200	3.964800	17.800000
0.088260	0.000000	10.810000	0.000000	0.413000	6.417000	6.600000	5.287300	4.000000	305.000000	19.200000	383.730000	6.720000	24.200000
22.541490	0.000000	5.611000	0.000000	0.097020	5.567910	100.000000	0.651408	8.160000	306.360000	14.948000	226.233000	6.692500	5.600000
0.022264	0.000000	18.308400	0.000000	0.444570	3.948780	83.500000	1.898910	2.720000	469.260000	18.291000	377.055000	18.022500	20.100000
0.006730	100.000000	0.818400	0.000000	0.382230	2.385600	40.500000	7.658816	0.900000	38.400000	15.100000	62.864000	6.162000	31.600000
0.131170	0.000000	8.560000	0.000000	0.520000	6.127000	85.200000	2.122400	5.000000	384.000000	20.900000	387.690000	14.090000	20.400000
3.761065	0.000000	5.678200	0.000000	0.757770	10.333290	98.500000	1.590736	0.600000	334.490000	2.646000	170.267500	9.474000	19.400000
0.015010	90.000000	1.210000	1.000000	0.401000	7.923000	24.800000	5.885000	1.000000	198.000000	13.600000	395.520000	3.160000	50.000000
0.039825	40.000000	2.948600	1.000000	0.093870	4.846460	27.600000	1.458840	2.160000	48.260000	12.848000	243.939000	5.865600	33.100000
0.038220	0.000000	1.701700	0.000000	0.262560	8.632980	92.900000	0.894292	1.020000	159.840000	7.654000	308.061000	2.269400	18.800000
3.678220	0.000000	18.100000	0.000000	0.770000	5.362000	96.200000	2.103600	24.000000	666.000000	20.200000	380.790000	10.190000	20.800000
1.935384	0.000000	0.976800	0.000000	0.188300	2.499360	96.900000	1.240734	1.240000	267.090000	4.200000	136.570500	12.204000	13.500000
0.066640	0.000000	4.050000	0.000000	0.510000	6.546000	33.100000	3.132300	5.000000	296.000000	16.600000	390.960000	5.330000	29.400000
2.809036	0.000000	16.109000	0.000000	0.516960	4.324320	95.300000	0.243698	21.360000	546.120000	2.020000	259.183800	10.676000	14.200000
0.096040	40.000000	6.410000	0.000000	0.447000	6.854000	42.800000	4.267300	4.000000	254.000000	17.600000	396.900000	2.980000	32.000000
0.052375	70.000000	1.724800	0.000000	0.240000	4.251150	20.100000	3.444232	1.100000	150.360000	8.732000	103.107200	2.932300	22.500000
0.979644	0.000000	7.059000	0.000000	0.618380	2.335900	100.000000	0.826150	13.680000	106.560000	6.464000	307.926400	2.771000	50.000000
0.136420	0.000000	10.590000	0.000000	0.489000	5.891000	22.300000	3.945400	4.000000	277.000000	18.600000	396.900000	10.870000	22.600000
3.471967	0.000000	16.290000	0.000000	0.373120	3.240420	79.800000	1.489278	18.480000	885.780000	5.454000	290.583200	4.344200	19.100000
0.018014	0.000000	1.845000	0.000000	0.170800	6.497370	95.600000	0.711750	0.810000	30.880000	3.382000	341.334000	4.032800	32.500000
0.352330	0.000000	21.890000	0.000000	0.624000	6.454000	98.400000	1.849800	4.000000	437.000000	21.200000	394.080000	14.590000	17.100000
0.048190	80.000000	3.640000	0.000000	0.392000	6.108000	32.000000	9.220300	1.000000	315.000000	16.400000	392.890000	6.570000	21.900000
0.082210	22.000000	5.860000	0.000000	0.431000	6.957000	6.800000	8.906700	7.000000	330.000000	19.100000	386.090000	3.530000	29.600000
0.520140	20.000000	3.970000	0.000000	0.647000	8.398000	91.500000	2.288500	5.000000	264.000000	13.000000	386.860000	5.910000	48.800000
0.065880	0.000000	2.460000	0.000000	0.488000	7.765000	83.300000	2.741000	3.000000	193.000000	17.800000	395.560000	7.560000	39.800000
1.154733	0.000000	3.801000	0.000000	0.449190	13.898840	99.300000	1.299931	14.160000	179.820000	15.958000	48.863100	6.193800	17.800000
0.134551	20.000000	2.784000	0.000000	0.051040	5.179200	16.300000	1.505860	1.890000	78.050000	14.322000	345.303000	1.845200	25.200000
0.963283	0.000000	11.403000	0.000000	0.214600	4.353300	100.000000	1.002400	3.600000	213.120000	16.968000	245.327800	4.147500	18.400000
0.159360	0.000000	6.910000	0.000000	0.448000	6.211000	6.500000	5.720900	3.000000	233.000000	17.900000	394.460000	7.440000	24.700000
0.095931	80.000000	0.687600	0.000000	0.086730	4.926880	19.500000	5.081136	2.000000	100.200000	9.020000	45.124800	2.116600	20.600000
0.123247	0.000000	7.000400	0.000000	0.430400	1.166980	91.700000	2.107757	3.400000	95.170000	21.420000	162.729000	18.158400	15.200000
0.056020	0.000000	2.460000	0.000000	0.488000	7.831000	53.600000	3.199200	3.000000	193.000000	17.800000	392.630000	4.450000	50.000000
0.057350	0.000000	4.490000	0.000000	0.449000	6.630000	56.100000	4.437700	3.000000	247.000000	18.500000	392.300000	6.530000	26.600000
3.535010	0.000000	19.580000	1.000000	0.871000	6.152000	82.600000	1.745500	5.000000	403.000000	14.700000	88.010000	15.020000	15.600000
0.033268	0.000000	2.231700	0.000000	0.350200	4.038400	38.500000	4.972968	3.450000	134.400000	11.110000	299.838000	6.277500	20.700000
0.021288	80.000000	0.873600	0.000000	0.313600	2.291640	19.100000	1.383045	0.390000	72.450000	5.740000	134.361200	4.810000	20.900000
0.024013	80.000000	3.167800	0.000000	0.246760	1.887000	17.800000	4.628050	1.480000	124.690000	4.347000	218.295000	1.401000	23.500000
2.733970	0.000000	19.580000	0.000000	0.871000	5.597000	94.900000	1.525700	5.000000	403.000000	14.700000	351.850000	21.450000	15.400000
31.448476	0.000000	11.584000	0.000000	0.526680	0.654360	100.000000	1.281056	17.280000	419.580000	15.352000	51.597000	14.989100	5.000000
1.496320	0.000000	19.580000	0.000000	0.871000	5.404000	100.000000	1.591600	5.000000	403.000000	14.700000	341.600000	13.280000	19.600000
0.078451	0.000000	1.549800	0.000000	0.069020	4.362200	40.100000	1.038642	3.600000	258.300000	9.408000	246.078000	5.202000	25.000000
0.368940	22.000000	5.860000	0.000000	0.431000	8.259000	8.400000	8.906700	7.000000	330.000000	19.100000	396.900000	3.540000	42.800000
6.350445	0.000000	26.245000	0.000000	0.183330	1.403600	95.600000	0.728234	23.520000	466.200000	17.372000	16.394400	10.113600	9.500000
0.253870	0.000000	6.910000	0.000000	0.448000	5.399000	95.300000	5.870000	3.000000	233.000000	17.900000	396.900000	30.810000	14.400000
0.167600	0.000000	7.380000	0.000000	0.493000	6.426000	52.300000	4.540400	5.000000	287.000000	19.600000	396.900000	7.200000	23.800000
5.377995	0.000000	9.412000	0.000000	0.500840	6.729600	100.000000	0.359856	17.520000	512.820000	13.736000	96.306100	8.854900	27.900000
0.760379	0.000000	12.851000	0.000000	0.335110	1.239750	86.500000	1.729418	8.880000	346.320000	4.848000	34.116400	17.948700	14.100000
2.449530	0.000000	19.580000	0.000000	0.605000	6.402000	95.200000	2.262500	5.000000	403.000000	14.700000	330.040000	11.320000	22.300000
5.512212	0.000000	14.842000	0.000000	0.511000	3.100160	100.000000	0.568944	10.800000	173.160000	11.716000	285.768000	24.780000	11.300000
0.025430	55.000000	3.780000	0.000000	0.484000	6.696000	56.400000	5.732100	5.000000	370.000000	17.600000	396.900000	7.180000	23.900000
128.125728	0.000000	5.792000	0.000000	0.469700	3.762720	91.900000	0.694085	2.640000	333.000000	17.372000	138.915000	8.088700	10.400000
0.099617	0.000000	4.704700	0.000000	0.262560	2.001280	84.200000	2.256500	3.300000	393.120000	7.120000	167.158200	3.657500	18.500000
0.091030	0.000000	2.460000	0.000000	0.488000	7.155000	92.200000	2.700600	3.000000	193.000000	17.800000	394.120000	4.820000	37.900000
0.045270	0.000000	11.930000	0.000000	0.573000	6.120000	76.700000	2.287500	1.000000	273.000000	21.000000	396.900000	9.080000	20.600000
0.075900	25.000000	2.411100	0.000000	0.416760	3.989580	43.400000	1.915416	3.520000	124.960000	3.152000	395.580000	8.550000	25.000000
0.046840	0.000000	3.410000	0.000000	0.489000	6.417000	66.100000	3.092300	2.000000	270.000000	17.800000	392.180000	8.810000	22.600000
0.185312	0.000000	10.166400	0.000000	0.317850	4.708440	9.800000	1.076250	2.240000	108.030000	11.904000	230.293800	5.319000	23.700000
16.340418	0.000000	13.756000	0.000000	0.343840	1.681830	88.000000	1.287792	24.480000	859.140000	20.200000	275.990400	12.585600	21.400000
1.257320	0.000000	12.531200	0.000000	0.435600	3.172520	93.000000	1.507044	0.500000	56.420000	5.145000	96.064000	6.965100	25.000000
0.015097	52.500000	3.032400	0.000000	0.376650	4.408390	31.300000	7.024512	1.740000	87.900000	9.296000	115.101000	1.999200	23.200000
0.026863	0.000000	1.008600	0.000000	0.434320	0.675840	62.200000	1.948425	0.720000	88.780000	5.696000	91.287000	5.481000	36.200000
0.060470	0.000000	2.460000	0.000000	0.488000	6.153000	68.800000	3.279700	3.000000	193.000000	17.800000	387.110000	13.150000	29.600000
0.049068	45.000000	2.958400	0.000000	0.310270	5.862930	30.800000	4.017476	2.350000	688.540000	14.592000	175.369500	2.438800	30.500000
0.034450	82.500000	2.030000	0.000000	0.415000	6.162000	38.400000	6.270000	2.000000	348.000000	14.700000	393.770000	7.430000	24.100000
11.160765	0.000000	4.706000	0.000000	0.103950	1.176780	96.000000	1.106820	2.640000	253.080000	4.646000	198.450000	29.061900	8.300000
0.043010	80.000000	1.910000	0.000000	0.413000	5.663000	21.900000	10.585700	4.000000	334.000000	22.000000	382.800000	8.050000	18.200000
3.717512	0.000000	3.077000	0.000000	0.571020	5.095400	67.600000	2.431584	15.600000	399.600000	3.030000	112.404000	8.628400	29.800000
0.028254	0.000000	3.593200	0.000000	0.318080	4.802380	33.300000	2.448192	1.050000	25.630000	16.468000	111.132000	12.735000	20.000000
0.261690	0.000000	9.900000	0.000000	0.544000	6.023000	90.400000	2.834000	4.000000	304.000000	18.400000	396.300000	11.720000	19.400000
0.110016	20.000000	1.113600	0.000000	0.310880	5.165020	58.700000	3.721625	1.170000	64.670000	12.648000	134.286400	1.700600	24.400000
1.130810	0.000000	8.140000	0.000000	0.538000	5.713000	94.100000	4.233000	4.000000	307.000000	21.000000	360.170000	22.600000	12.700000
0.492612	0.000000	2.790000	1.000000	0.294060	2.751600	77.700000	0.490815	4.320000	248.670000	9.222000	195.195000	6.454500	27.500000
0.074493	45.000000	2.580000	0.000000	0.056810	5.819850	38.900000	8.631063	3.850000	354.220000	5.624000	269.892000	3.449600	34.900000
0.027290	0.000000	7.070000	0.000000	0.469000	7.185000	61.100000	4.967100	2.000000	242.000000	17.800000	392.830000	4.030000	34.700000
0.113290	30.000000	4.930000	0.000000	0.428000	6.897000	54.300000	6.336100	6.000000	300.000000	16.600000	391.250000	11.380000	22.000000
0.115466	0.000000	0.744000	0.000000	0.433440	2.220530	79.900000	0.643140	1.920000	101.310000	17.400000	78.136800	5.024400	31.600000
0.104585	0.000000	18.468000	0.000000	0.819210	5.220090	95.600000	0.738024	1.780000	240.640000	5.157000	273.060400	23.443600	15.700000
0.075156	0.000000	9.425100	1.000000	0.489000	4.539360	88.600000	2.162350	2.880000	188.360000	16.740000	264.810800	14.867600	19.300000
0.122690	0.000000	6.910000	0.000000	0.448000	6.069000	40.000000	5.720900	3.000000	233.000000	17.900000	389.390000	9.550000	21.200000
0.068600	0.000000	2.890000	0.000000	0.445000	7.416000	62.500000	3.495200	2.000000	276.000000	18.000000	396.900000	6.190000	33.200000
0.035109	0.000000	19.237500	0.000000	0.441560	4.863240	84.100000	0.505402	0.980000	165.440000	5.539000	279.475800	4.709100	20.300000
1.134176	0.000000	9.202600	0.000000	0.350900	4.701600	79.200000	0.266849	0.950000	128.960000	8.673000	134.289900	10.926000	23.800000
2.446680	0.000000	19.580000	0.000000	0.871000	5.272000	94.000000	1.736400	5.000000	403.000000	14.700000	88.630000	16.140000	13.100000
0.020709	95.000000	1.902800	0.000000	0.083220	2.670020	33.200000	4.299120	1.240000	91.840000	3.381000	62.844800	2.324100	48.500000
0.228760	0.000000	8.560000	0.000000	0.520000	6.405000	85.400000	2.714700	5.000000	384.000000	20.900000	70.800000	10.630000	18.600000
7.050420	0.000000	18.100000	0.000000	0.614000	6.103000	85.100000	2.021800	24.000000	666.000000	20.200000	2.520000	23.290000	13.400000
16.221136	0.000000	16.109000	0.000000	0.629000	3.617040	94.800000	1.272256	19.440000	539.460000	5.656000	12.056800	18.944200	11.800000
11.812300	0.000000	18.100000	0.000000	0.718000	6.824000	76.500000	1.794000	24.000000	666.000000	20.200000	48.450000	22.740000	8.400000
1.013999	0.000000	9.193800	0.000000	0.212160	3.922120	97.700000	1.635120	2.360000	48.070000	15.476000	353.241000	1.226000	19.600000
0.302594	0.000000	4.477000	0.000000	0.145260	4.591180	85.700000	3.073674	3.640000	141.220000	5.460000	200.257200	9.080500	13.900000
0.144925	0.000000	9.690000	0.000000	0.432900	1.622320	70.600000	1.186007	5.220000	101.660000	9.024000	305.613000	7.050000	18.300000
0.303470	0.000000	7.380000	0.000000	0.493000	6.312000	28.900000	5.415900	5.000000	287.000000	19.600000	396.900000	6.150000	23.000000
7.526010	0.000000	18.100000	0.000000	0.713000	6.417000	98.300000	2.185000	24.000000	666.000000	20.200000	304.210000	19.310000	13.000000
0.745064	0.000000	1.588500	1.000000	0.381420	0.694720	100.000000	2.131250	0.400000	130.190000	14.880000	369.117000	7.388800	20.000000
0.051880	0.000000	4.490000	0.000000	0.449000	6.015000	45.100000	4.427200	3.000000	247.000000	18.500000	395.990000	12.860000	22.500000
1.833770	0.000000	19.580000	1.000000	0.605000	7.802000	98.200000	2.040700	5.000000	403.000000	14.700000	389.610000	1.920000	50.000000
0.135870	0.000000	10.590000	1.000000	0.489000	6.064000	59.100000	4.239200	4.000000	277.000000	18.600000	381.320000	14.660000	24.400000
3.699391	0.000000	15.747000	0.000000	0.159390	4.995900	96.000000	0.385664	3.600000	233.100000	17.372000	337.365000	18.014100	12.500000
21.205292	0.000000	4.163000	0.000000	0.191040	0.773250	100.000000	1.271520	17.520000	559.440000	8.484000	318.564700	17.469600	16.300000
0.470235	20.000000	2.064400	0.000000	0.063250	5.901300	52.600000	2.326320	2.200000	163.680000	1.690000	148.314000	2.117200	43.500000
0.129738	25.000000	2.052000	0.000000	0.235560	1.351900	29.200000	1.484812	4.800000	139.160000	17.730000	371.146000	6.860000	23.300000
0.224890	12.500000	7.870000	0.000000	0.524000	6.377000	94.300000	6.346700	5.000000	311.000000	15.200000	392.520000	20.450000	15.000000
0.036173	80.000000	0.380000	0.000000	0.226240	6.837560	38.300000	3.727590	1.740000	325.710000	12.348000	121.582000	5.229800	34.600000
0.131580	0.000000	10.010000	0.000000	0.547000	6.176000	72.500000	2.730100	6.000000	432.000000	17.800000	393.300000	12.040000	21.200000
0.018554	40.000000	0.262500	0.000000	0.356070	5.828760	34.500000	5.539023	0.150000	107.200000	3.743000	42.883500	1.884800	26.600000
13.913400	0.000000	18.100000	0.000000	0.713000	6.208000	95.000000	2.222200	24.000000	666.000000	20.200000	100.630000	15.170000	11.700000
12.104496	0.000000	9.231000	0.000000	0.364000	3.482820	98.100000	1.283490	10.080000	745.920000	23.836000	91.287000	17.561700	7.200000
13.359800	0.000000	18.100000	0.000000	0.693000	5.887000	94.700000	1.782100	24.000000	666.000000	20.200000	396.900000	16.350000	12.700000
0.299160	20.000000	2.714400	0.000000	0.436160	3.806400	42.100000	3.100300	2.910000	149.410000	9.672000	147.687000	11.180000	21.100000
3.843847	0.000000	16.471000	0.000000	0.244720	4.057300	64.700000	1.746342	5.280000	612.720000	5.454000	150.822000	1.181400	23.000000
0.010668	35.000000	1.383200	0.000000	0.269620	2.389530	49.300000	3.096676	0.930000	136.320000	6.200000	130.264200	4.666500	32.700000
0.033922	70.000000	2.620800	0.000000	0.368000	3.098040	10.000000	4.540124	4.750000	125.300000	12.284000	345.569400	4.123800	29.000000
0.110690	0.000000	13.890000	1.000000	0.550000	5.951000	93.800000	2.889300	5.000000	276.000000	16.400000	396.900000	17.920000	21.500000
0.035422	20.000000	0.632700	0.000000	0.186018	0.938400	64.500000	0.891993	0.700000	172.800000	5.215000	356.325200	1.240800	45.400000
7.747971	0.000000	11.584000	0.000000	0.642400	10.864470	94.300000	1.566150	6.720000	519.480000	10.706000	13.826100	15.358200	14.100000
0.802710	0.000000	8.140000	0.000000	0.538000	5.456000	36.600000	3.796500	4.000000	307.000000	21.000000	288.990000	11.690000	20.200000
2.078838	0.000000	3.620000	1.000000	0.431200	4.476500	91.000000	0.701456	13.200000	619.380000	35.956000	371.773000	4.113700	21.700000
0.696558	0.000000	5.286600	0.000000	0.217750	1.640400	100.000000	0.494130	1.850000	137.020000	9.849000	345.303000	5.019800	15.600000
5.330738	0.000000	5.611000	0.000000	0.635350	4.905110	65.400000	2.904132	10.800000	432.900000	16.968000	361.179000	7.403200	21.400000
0.050230	35.000000	6.060000	0.000000	0.437900	5.706000	28.400000	6.640700	1.000000	304.000000	16.900000	394.020000	12.430000	17.100000
0.095648	0.000000	15.323000	0.000000	0.205920	4.366500	95.400000	2.272308	3.200000	166.060000	9.540000	377.029300	2.555100	18.400000
0.034699	12.500000	1.888800	0.000000	0.303920	0.883350	39.000000	1.471743	0.600000	199.040000	13.072000	285.065000	3.613300	21.700000
0.178990	0.000000	9.690000	0.000000	0.585000	5.670000	28.800000	2.798600	6.000000	391.000000	19.200000	393.290000	17.600000	23.100000
0.053600	21.000000	5.640000	0.000000	0.439000	6.511000	21.100000	6.814700	4.000000	243.000000	16.800000	396.900000	5.280000	25.000000
0.042940	28.000000	15.040000	0.000000	0.464000	6.249000	77.300000	3.615000	4.000000	270.000000	18.200000	396.900000	10.590000	20.600000
0.150860	0.000000	27.740000	0.000000	0.609000	5.454000	92.700000	1.820900	4.000000	711.000000	20.100000	395.090000	18.060000	15.200000
0.079676	0.000000	16.294100	0.000000	0.083030	2.173380	36.600000	2.611508	3.950000	302.480000	9.724000	154.463400	3.731000	20.300000
0.130580	0.000000	10.010000	0.000000	0.547000	5.872000	73.100000	2.477500	6.000000	432.000000	17.800000	338.630000	15.370000	20.400000
0.038548	0.000000	1.498500	0.000000	0.219300	1.283200	84.100000	0.846816	2.600000	174.640000	27.888000	241.255000	0.904000	23.600000
0.052371	0.000000	0.486000	0.000000	0.102000	1.347570	68.700000	0.378266	4.750000	195.360000	12.782000	349.974700	7.808400	22.600000
18.295350	0.000000	18.100000	0.000000	0.266000	3.070320	100.000000	0.205408	37.200000	113.220000	4.242000	246.078000	23.189600	10.500000
0.761620	20.000000	3.970000	0.000000	0.647000	5.560000	62.800000	1.986500	5.000000	264.000000	13.000000	392.400000	10.450000	22.800000
5.731160	0.000000	18.100000	0.000000	0.532000	7.061000	77.000000	3.410600	24.000000	666.000000	20.200000	395.280000	7.010000	25.000000
8.716750	0.000000	18.100000	0.000000	0.693000	6.471000	98.800000	1.725700	24.000000	666.000000	20.200000	391.980000	17.120000	13.100000
0.249800	0.000000	21.890000	0.000000	0.624000	5.857000	98.200000	1.668600	4.000000	437.000000	21.200000	392.040000	21.320000	13.300000
2.822893	0.000000	10.377400	1.000000	0.522600	3.836130	100.000000	0.819392	0.500000	270.010000	13.377000	289.737000	12.337200	13.400000
0.062630	0.000000	9.066800	0.000000	0.378180	2.307550	69.100000	0.495720	0.480000	229.320000	10.710000	227.354200	4.448200	22.400000
0.078750	45.000000	3.440000	0.000000	0.437000	6.782000	41.100000	3.788600	5.000000	398.000000	15.200000	393.870000	6.680000	32.000000
2.242360	0.000000	19.580000	0.000000	0.605000	5.854000	91.800000	2.422000	5.000000	403.000000	14.700000	395.110000	11.640000	22.700000
1.053930	0.000000	8.140000	0.000000	0.538000	5.935000	29.300000	4.498600	4.000000	307.000000	21.000000	386.850000	6.580000	23.100000
0.071510	0.000000	4.490000	0.000000	0.449000	6.121000	56.800000	3.747600	3.000000	247.000000	18.500000	395.150000	8.440000	22.200000
8.151740	0.000000	18.100000	0.000000	0.700000	5.390000	98.900000	1.728100	24.000000	666.000000	20.200000	396.900000	20.850000	11.500000
5.090170	0.000000	18.100000	0.000000	0.713000	6.297000	91.800000	2.368200	24.000000	666.000000	20.200000	385.090000	17.270000	16.100000
0.097875	25.000000	4.770900	0.000000	0.253680	3.937560	93.400000	5.113875	3.280000	224.360000	7.289000	366.737600	3.176800	16.000000
2.946844	0.000000	29.322000	0.000000	0.230860	5.697560	78.100000	1.432344	4.560000	839.160000	15.150000	80.285900	17.000800	11.000000
0.207460	0.000000	27.740000	0.000000	0.609000	5.093000	98.000000	1.822600	4.000000	711.000000	20.100000	318.430000	29.680000	8.100000
0.575290	0.000000	6.200000	0.000000	0.507000	8.337000	73.300000	3.838400	8.000000	307.000000	17.400000	385.910000	2.470000	41.700000
12.802300	0.000000	18.100000	0.000000	0.740000	5.854000	96.600000	1.895600	24.000000	666.000000	20.200000	240.520000	23.790000	10.800000
0.054970	0.000000	5.190000	0.000000	0.515000	5.985000	45.400000	4.812200	5.000000	224.000000	20.200000	396.900000	9.740000	19.000000
2.300400	0.000000	19.580000	0.000000	0.605000	6.319000	96.100000	2.100000	5.000000	403.000000	14.700000	297.090000	11.100000	23.800000
0.171420	0.000000	6.910000	0.000000	0.448000	5.682000	33.800000	5.100400	3.000000	233.000000	17.900000	396.900000	10.210000	19.300000
1.342840	0.000000	19.580000	0.000000	0.605000	6.066000	100.000000	1.757300	5.000000	403.000000	14.700000	353.890000	6.430000	24.300000
0.241030	0.000000	7.380000	0.000000	0.493000	6.083000	43.700000	5.415900	5.000000	287.000000	19.600000	396.900000	12.790000	22.200000
0.662199	0.000000	7.832000	1.000000	0.417450	1.500000	92.600000	1.276864	4.450000	68.510000	12.936000	298.249600	5.390000	27.000000
0.126922	25.000000	3.693600	0.000000	0.439410	4.879850	66.200000	1.228318	3.840000	159.040000	15.760000	363.501200	11.440500	18.700000
5.669980	0.000000	18.100000	1.000000	0.631000	6.683000	96.800000	1.356700	24.000000	666.000000	20.200000	375.330000	3.730000	50.000000
0.101530	0.000000	12.830000	0.000000	0.437000	6.279000	74.500000	4.052200	5.000000	398.000000	18.700000	373.660000	11.970000	20.000000
0.191330	22.000000	5.860000	0.000000	0.431000	5.605000	70.200000	7.954900	7.000000	330.000000	19.100000	389.130000	18.460000	18.500000
0.349400	0.000000	9.900000	0.000000	0.544000	5.972000	76.700000	3.102500	4.000000	304.000000	18.400000	396.240000	9.970000	20.300000
0.190434	0.000000	4.815800	0.000000	0.174720	1.743660	98.900000	0.826215	3.000000	305.900000	11.236000	308.131200	2.268000	19.200000
0.019482	75.000000	1.976500	0.000000	0.119840	2.177440	15.800000	4.806979	2.610000	151.200000	4.575000	304.627400	0.435600	34.900000
13.334496	0.000000	13.213000	0.000000	0.416020	1.309000	99.100000	1.458432	3.840000	273.060000	5.858000	123.039000	8.642800	10.900000
0.053020	0.000000	3.410000	0.000000	0.489000	7.079000	63.100000	3.414500	2.000000	270.000000	17.800000	396.060000	5.700000	28.700000
0.238418	0.000000	21.671100	0.000000	0.074880	1.537110	96.000000	1.788300	3.960000	209.760000	7.844000	227.423800	10.657800	16.200000
0.021870	60.000000	2.930000	0.000000	0.401000	6.800000	9.900000	6.219600	1.000000	265.000000	15.600000	393.370000	5.030000	31.100000
0.629760	0.000000	8.140000	0.000000	0.538000	5.949000	61.800000	4.707500	4.000000	307.000000	21.000000	396.900000	8.260000	20.400000
0.031008	0.000000	2.639100	1.000000	0.324500	4.239360	56.000000	0.684662	4.750000	187.680000	11.152000	149.264000	1.891400	23.300000
4.803884	0.000000	9.050000	0.000000	0.392000	3.713450	97.000000	1.483405	13.920000	166.500000	7.272000	145.939100	11.463700	15.100000
8.743557	0.000000	16.833000	0.000000	0.630000	0.780800	100.000000	1.096755	18.720000	193.140000	9.090000	130.522000	9.186000	10.200000
2.379340	0.000000	19.580000	0.000000	0.871000	6.130000	100.000000	1.419100	5.000000	403.000000	14.700000	172.910000	27.800000	13.800000
0.433510	0.000000	7.570200	0.000000	0.500340	2.610960	100.000000	1.252500	3.800000	98.240000	18.480000	64.044100	10.301600	14.500000
0.026974	0.000000	7.227000	0.000000	0.375360	1.272040	71.700000	1.169193	1.720000	231.040000	14.168000	67.473000	9.404600	19.800000
0.027630	75.000000	2.950000	0.000000	0.428000	6.595000	21.800000	5.401100	3.000000	252.000000	18.300000	395.630000	4.320000	30.800000
0.537000	0.000000	6.200000	0.000000	0.504000	5.981000	68.100000	3.671500	8.000000	307.000000	17.400000	378.350000	11.650000	24.300000
0.590112	0.000000	4.588000	0.000000	0.892320	2.581020	80.800000	0.818025	0.800000	125.870000	4.872000	257.985000	2.736000	30.100000
0.374048	20.000000	6.312300	0.000000	0.297620	6.125100	91.600000	1.022953	4.750000	153.120000	5.200000	205.581700	2.997000	36.500000
6.717720	0.000000	18.100000	0.000000	0.713000	6.749000	92.600000	2.323600	24.000000	666.000000	20.200000	0.320000	17.440000	13.400000
0.177830	0.000000	9.690000	0.000000	0.585000	5.569000	73.500000	2.399900	6.000000	391.000000	19.200000	395.770000	15.100000	17.500000
7.672020	0.000000	18.100000	0.000000	0.693000	5.747000	98.900000	1.633400	24.000000	666.000000	20.200000	393.100000	19.920000	8.500000
0.578340	20.000000	3.970000	0.000000	0.575000	8.297000	67.000000	2.421600	5.000000	264.000000	13.000000	384.540000	7.440000	50.000000
0.044275	0.000000	8.491200	0.000000	0.069920	1.862790	42.300000	0.990486	3.200000	187.850000	7.200000	317.520000	10.088000	21.700000
0.251990	0.000000	10.590000	0.000000	0.489000	5.783000	72.700000	4.354900	4.000000	277.000000	18.600000	389.430000	18.060000	22.500000
0.106120	30.000000	4.930000	0.000000	0.428000	6.095000	65.100000	6.336100	6.000000	300.000000	16.600000	394.620000	12.400000	20.100000
0.234144	0.000000	14.228500	0.000000	0.443040	3.506070	97.900000	1.351647	3.080000	78.660000	8.268000	182.574000	13.475800	17.800000
0.074099	12.500000	5.280900	0.000000	0.204500	3.820700	21.400000	5.848200	0.920000	172.500000	4.914000	352.626900	1.458000	22.000000
0.216906	0.000000	7.651600	0.000000	0.441160	4.267200	84.500000	1.517046	2.920000	187.270000	14.070000	201.410600	1.641600	18.200000
0.122040	0.000000	2.890000	0.000000	0.445000	6.625000	57.800000	3.495200	2.000000	276.000000	18.000000	357.980000	6.650000	28.400000
29.323768	0.000000	16.109000	0.000000	0.134200	6.124800	96.200000	0.623745	22.320000	293.040000	8.686000	130.977000	33.639800	13.100000
0.078860	80.000000	4.950000	0.000000	0.411000	7.148000	27.700000	5.116700	4.000000	245.000000	19.200000	396.900000	3.560000	37.300000
12.247200	0.000000	18.100000	0.000000	0.584000	5.837000	59.700000	1.997600	24.000000	666.000000	20.200000	24.650000	15.690000	10.200000
0.039320	0.000000	0.988900	0.000000	0.342300	6.405000	73.900000	0.309210	1.320000	164.700000	7.120000	145.613500	0.984000	22.000000
0.045440	0.000000	3.240000	0.000000	0.460000	6.144000	32.200000	5.873600	4.000000	430.000000	16.900000	368.570000	9.090000	19.800000
1.463360	0.000000	19.580000	0.000000	0.605000	7.489000	90.800000	1.970900	5.000000	403.000000	14.700000	374.430000	1.730000	50.000000
0.014014	90.000000	0.808000	0.000000	0.196800	4.104080	36.100000	11.641440	4.250000	129.030000	2.720000	449.818200	2.070000	30.100000
0.072440	60.000000	1.690000	0.000000	0.411000	5.884000	18.500000	10.710300	4.000000	411.000000	18.300000	392.330000	7.790000	18.600000
3.474280	0.000000	18.100000	1.000000	0.718000	8.780000	82.900000	1.904700	24.000000	666.000000	20.200000	354.550000	5.290000	21.900000
0.139140	0.000000	4.050000	0.000000	0.510000	5.572000	88.500000	2.596100	5.000000	296.000000	16.600000	396.900000	14.690000	23.100000
0.041251	52.500000	1.436400	0.000000	0.769500	0.787800	22.900000	4.243976	8.280000	123.060000	15.106000	96.647200	5.801100	24.800000
0.345064	0.000000	2.604800	0.000000	0.414260	2.566960	56.500000	1.439552	1.440000	251.740000	3.360000	217.591000	6.013700	19.900000
0.147396	0.000000	4.752000	0.000000	0.424320	2.628590	58.800000	6.082888	2.480000	118.560000	2.944000	194.152700	4.964700	21.000000
0.384659	0.000000	5.394000	0.000000	0.277200	5.845750	83.000000	1.534032	5.520000	42.980000	2.436000	148.980000	0.972300	50.000000
1.413850	0.000000	19.580000	1.000000	0.871000	6.129000	96.000000	1.749400	5.000000	403.000000	14.700000	321.020000	15.120000	17.000000
8.267250	0.000000	18.100000	1.000000	0.668000	5.875000	89.600000	1.129600	24.000000	666.000000	20.200000	347.880000	8.880000	50.000000
0.066170	0.000000	3.240000	0.000000	0.460000	5.868000	25.800000	5.214600	4.000000	430.000000	16.900000	382.440000	9.970000	19.300000
0.091640	0.000000	10.810000	0.000000	0.413000	6.065000	7.800000	5.287300	4.000000	305.000000	19.200000	390.910000	5.520000	22.800000
2.444832	0.000000	13.756000	1.000000	0.323400	4.656520	83.400000	2.178160	16.800000	619.380000	9.696000	276.801000	3.673600	22.700000
0.150980	0.000000	10.010000	0.000000	0.547000	6.021000	82.600000	2.747400	6.000000	432.000000	17.800000	394.510000	10.300000	19.200000
0.035020	80.000000	4.950000	0.000000	0.411000	6.861000	27.900000	5.116700	4.000000	245.000000	19.200000	396.900000	3.330000	28.500000
0.029850	0.000000	2.180000	0.000000	0.458000	6.430000	58.700000	6.062200	3.000000	222.000000	18.700000	394.120000	5.210000	28.700000
0.167434	20.000000	2.779000	0.000000	0.226450	2.953230	81.800000	1.478470	0.550000	195.360000	10.140000	176.760000	2.205700	33.800000
0.144760	0.000000	10.010000	0.000000	0.547000	5.731000	65.200000	2.759200	6.000000	432.000000	17.800000	391.500000	13.610000	19.300000
9.916550	0.000000	18.100000	0.000000	0.693000	5.852000	77.800000	1.500400	24.000000	666.000000	20.200000	338.160000	29.970000	6.300000
18.811000	0.000000	18.100000	0.000000	0.597000	4.628000	100.000000	1.553900	24.000000	666.000000	20.200000	28.790000	34.370000	17.900000
0.173310	0.000000	9.690000	0.000000	0.585000	5.707000	54.000000	2.381700	6.000000	391.000000	19.200000	396.900000	12.010000	21.800000
0.865735	0.000000	6.076000	0.000000	0.191520	4.076600	76.900000	0.844445	2.800000	141.220000	12.354000	188.070000	3.307500	31.700000
0.053717	45.000000	2.373600	0.000000	0.227240	4.809260	26.300000	3.758284	1.250000	191.040000	5.928000	335.821400	2.841300	36.400000
0.071078	0.000000	4.904900	0.000000	0.311790	10.661000	95.400000	1.375920	9.840000	250.560000	9.256000	142.884000	13.330200	18.700000
0.164390	22.000000	5.860000	0.000000	0.431000	6.433000	49.100000	7.826500	7.000000	330.000000	19.100000	374.710000	9.520000	24.500000
0.013110	90.000000	1.220000	0.000000	0.403000	7.249000	21.900000	8.696600	5.000000	226.000000	17.900000	395.930000	4.810000	35.400000
0.127440	0.000000	6.910000	0.000000	0.448000	6.770000	2.900000	5.720900	3.000000	233.000000	17.900000	385.410000	4.840000	26.600000
4.875390	0.000000	6.335000	0.000000	0.135800	3.526640	90.800000	0.218340	4.560000	579.420000	14.544000	19.844400	7.737000	7.500000
0.087070	0.000000	12.830000	0.000000	0.437000	6.140000	45.800000	4.090500	5.000000	398.000000	18.700000	386.960000	10.270000	20.800000
0.033013	33.000000	1.635000	0.000000	0.212400	0.742000	71.900000	1.239680	3.710000	177.600000	15.824000	571.536000	3.493800	33.400000
0.062498	25.000000	1.944000	0.000000	0.055380	4.193560	46.700000	3.186413	1.920000	126.450000	10.830000	164.068800	4.355800	22.900000
21.958128	0.000000	15.385000	0.000000	0.602910	3.705580	100.000000	0.646698	12.720000	659.340000	17.978000	31.777200	4.437600	7.000000
0.013600	75.000000	1.800000	0.000000	0.086100	4.651520	47.600000	1.463940	1.530000	164.150000	20.678000	345.303000	10.804000	18.900000
0.479354	20.000000	0.436700	0.000000	0.329970	6.020960	100.000000	0.442354	4.250000	216.480000	9.230000	192.045700	7.176000	30.100000
0.128020	0.000000	8.560000	0.000000	0.520000	6.474000	97.100000	2.432900	5.000000	384.000000	20.900000	395.240000	12.270000	19.800000
0.014031	0.000000	5.564000	0.000000	0.182000	5.265750	54.400000	0.444448	2.150000	42.240000	10.659000	562.690700	3.380000	21.700000
0.030503	30.000000	0.591600	0.000000	0.179760	3.823790	18.500000	4.271031	2.940000	249.000000	4.482000	197.293200	5.596800	23.700000
13.678100	0.000000	18.100000	0.000000	0.740000	5.935000	87.900000	1.820600	24.000000	666.000000	20.200000	68.950000	34.020000	8.400000
0.080140	0.000000	5.960000	0.000000	0.499000	5.850000	41.500000	3.934200	5.000000	279.000000	19.200000	396.900000	8.770000	21.000000
9.329090	0.000000	18.100000	0.000000	0.713000	6.185000	98.700000	2.261600	24.000000	666.000000	20.200000	396.900000	18.130000	14.100000
0.105772	0.000000	3.340800	0.000000	0.266570	3.995100	58.000000	4.360800	3.120000	193.630000	7.200000	75.411000	25.660800	20.300000
0.117681	0.000000	8.630400	0.000000	0.327750	1.469160	31.100000	4.112676	0.760000	262.990000	4.320000	754.110000	2.946900	28.600000
0.211610	0.000000	8.560000	0.000000	0.520000	6.137000	87.400000	2.714700	5.000000	384.000000	20.900000	394.470000	13.440000	19.300000
0.054228	0.000000	9.900000	0.000000	0.544000	0.663500	82.500000	1.426525	1.200000	173.280000	6.072000	55.566000	3.314200	22.800000
9.390630	0.000000	18.100000	0.000000	0.740000	5.627000	93.900000	1.817200	24.000000	666.000000	20.200000	396.900000	22.880000	12.800000
0.318270	0.000000	9.900000	0.000000	0.544000	5.914000	83.200000	3.998600	4.000000	304.000000	18.400000	390.700000	18.330000	17.800000
0.067920	0.000000	1.174700	0.000000	0.362880	4.318300	6.600000	4.233466	1.650000	41.940000	31.146000	226.188300	3.427900	25.300000
1.251790	0.000000	8.140000	0.000000	0.538000	5.570000	98.100000	3.797900	4.000000	307.000000	21.000000	376.570000	21.020000	13.600000
0.200490	0.000000	5.779400	0.000000	0.252860	3.270260	87.300000	3.645540	3.000000	171.920000	18.900000	53.232200	10.422600	21.000000
0.239120	0.000000	9.690000	0.000000	0.585000	6.019000	65.300000	2.409100	6.000000	391.000000	19.200000	396.900000	12.920000	21.200000
0.062416	0.000000	3.194700	0.000000	0.088000	2.789640	85.100000	3.147412	0.550000	251.160000	14.432000	349.574200	6.589200	28.700000
0.044009	0.000000	22.469400	0.000000	0.231420	2.436300	98.300000	1.228780	3.400000	127.980000	11.859000	72.250500	13.183500	7.000000
22.597100	0.000000	18.100000	0.000000	0.700000	5.000000	89.500000	1.518400	24.000000	666.000000	20.200000	396.900000	31.990000	7.400000
0.211723	0.000000	16.636400	0.000000	0.424320	5.771850	100.000000	0.345456	5.200000	240.350000	7.632000	396.900000	33.377700	14.400000
12.844044	0.000000	17.919000	0.000000	0.349270	1.034500	100.000000	0.624393	2.400000	459.540000	18.988000	170.301200	19.605600	11.900000
0.315330	0.000000	6.200000	0.000000	0.504000	8.266000	78.300000	2.894400	8.000000	307.000000	17.400000	385.050000	4.140000	44.800000
15.860300	0.000000	18.100000	0.000000	0.679000	5.896000	95.400000	1.909600	24.000000	666.000000	20.200000	7.680000	24.390000	8.300000
13.304880	0.000000	3.077000	0.000000	0.093340	1.666860	100.000000	1.617243	12.480000	326.340000	16.564000	181.687500	9.763000	16.700000
0.232759	0.000000	1.240000	1.000000	0.050700	3.892560	88.500000	2.775849	2.080000	162.710000	15.834000	203.684000	3.010100	26.700000
0.017780	95.000000	1.470000	0.000000	0.403000	7.135000	13.900000	7.653400	3.000000	402.000000	17.000000	384.300000	4.450000	32.900000
0.029001	0.000000	0.981000	0.000000	0.439680	4.931430	54.200000	2.424880	1.290000	170.940000	4.488000	138.915000	3.517800	36.200000
0.029262	0.000000	4.214400	0.000000	0.282880	2.225180	48.500000	2.484216	0.450000	151.360000	9.212000	358.645200	9.582300	17.500000
0.003352	90.000000	2.821500	0.000000	0.076000	5.032480	20.800000	3.580577	0.220000	57.000000	13.311000	161.835200	2.433500	32.200000
0.170040	12.500000	7.870000	0.000000	0.524000	6.004000	85.900000	6.592100	5.000000	311.000000	15.200000	386.710000	17.100000	18.900000
1.869980	0.000000	8.688000	0.000000	0.545200	2.651810	84.000000	1.152692	5.040000	266.400000	18.988000	103.194000	16.290000	19.900000
0.881250	0.000000	21.890000	0.000000	0.624000	5.637000	94.700000	1.979900	4.000000	437.000000	21.200000	396.900000	18.340000	14.300000
13.522200	0.000000	18.100000	0.000000	0.631000	3.863000	100.000000	1.510600	24.000000	666.000000	20.200000	131.420000	13.330000	23.100000
0.989596	0.000000	3.258000	0.000000	0.534750	6.252480	89.900000	1.064608	11.760000	379.620000	17.170000	504.089600	6.997200	20.200000
0.088290	12.500000	7.870000	0.000000	0.524000	6.012000	66.600000	5.560500	5.000000	311.000000	15.200000	395.600000	12.430000	22.900000
0.147002	0.000000	10.060500	0.000000	0.122250	5.377100	52.500000	2.046803	0.440000	138.500000	17.670000	221.127200	4.058900	24.400000
0.050230	0.000000	5.386500	0.000000	0.075530	5.820210	95.800000	0.922898	1.100000	97.760000	13.370000	201.071400	2.812800	18.800000
0.790410	0.000000	9.900000	0.000000	0.544000	6.122000	52.800000	2.640300	4.000000	304.000000	18.400000	396.900000	5.980000	22.100000
7.790551	0.000000	12.308000	0.000000	0.434930	0.712320	80.300000	1.472976	17.520000	426.240000	19.998000	3.290000	15.584800	13.500000
0.067240	0.000000	3.240000	0.000000	0.460000	6.333000	17.200000	5.214600	4.000000	430.000000	16.900000	375.210000	7.340000	22.600000
0.036709	33.000000	1.831200	0.000000	0.212400	4.631200	58.100000	2.527500	2.730000	84.360000	5.888000	373.692000	3.393400	28.400000
7.089095	0.000000	10.317000	0.000000	0.455520	1.085400	95.400000	1.312092	4.800000	666.000000	13.130000	282.064000	15.781800	13.800000
0.104690	40.000000	6.410000	1.000000	0.447000	7.267000	49.000000	4.787200	4.000000	254.000000	17.600000	389.250000	6.050000	33.200000
0.082064	0.000000	4.107800	0.000000	0.173460	3.934350	6.200000	2.960888	3.160000	225.700000	7.488000	377.170000	6.409000	23.400000
0.128454	22.000000	3.340200	0.000000	0.271530	1.673880	8.900000	5.547525	3.080000	287.100000	6.303000	143.286600	0.897500	24.800000
16.679790	0.000000	4.163000	0.000000	0.607860	1.731800	96.700000	2.018565	15.600000	199.800000	16.968000	292.369000	14.784600	14.600000
0.082650	0.000000	13.920000	0.000000	0.437000	6.127000	18.400000	5.502700	4.000000	289.000000	16.000000	396.900000	8.580000	23.900000
0.132816	0.000000	7.440400	0.000000	0.465850	3.407500	94.600000	1.091655	4.300000	40.300000	2.940000	55.535100	13.275600	17.400000
0.027999	52.500000	2.128000	0.000000	0.392850	1.263000	45.600000	2.121988	1.320000	29.300000	3.320000	134.946000	7.448000	22.300000
6.369097	0.000000	15.747000	0.000000	0.303680	1.015680	86.100000	2.750618	3.360000	632.700000	16.160000	75.939500	6.350400	14.500000
7.992480	0.000000	18.100000	0.000000	0.700000	5.520000	100.000000	1.533100	24.000000	666.000000	20.200000	396.900000	24.560000	12.300000
0.056595	30.000000	3.845400	0.000000	0.184040	1.462340	52.900000	2.743845	1.860000	120.000000	4.316000	570.307500	7.741800	22.200000
0.009210	60.000000	0.586000	0.000000	0.276690	4.622800	18.800000	2.363448	0.390000	159.000000	7.332000	90.408000	2.540400	29.100000
0.976170	0.000000	21.890000	0.000000	0.624000	5.757000	98.400000	2.346000	4.000000	437.000000	21.200000	262.760000	17.310000	15.600000
1.113003	20.000000	3.731800	0.000000	0.472310	2.785280	86.900000	1.368760	4.750000	190.080000	7.670000	183.159000	0.768000	50.000000
0.148660	0.000000	8.560000	0.000000	0.520000	6.727000	79.900000	2.777800	5.000000	384.000000	20.900000	394.760000	9.420000	27.500000
0.988430	0.000000	8.140000	0.000000	0.538000	5.813000	100.000000	4.095200	4.000000	307.000000	21.000000	394.540000	19.880000	14.500000
0.049810	21.000000	5.640000	0.000000	0.439000	5.998000	21.400000	6.814700	4.000000	243.000000	16.800000	396.900000	8.430000	23.400000
0.064170	0.000000	5.960000	0.000000	0.499000	5.933000	68.200000	3.360300	5.000000	279.000000	19.200000	396.900000	9.680000	18.900000
4.261310	0.000000	18.100000	0.000000	0.770000	6.112000	81.300000	2.509100	24.000000	666.000000	20.200000	390.740000	12.670000	22.600000
8.982960	0.000000	18.100000	1.000000	0.770000	6.212000	97.400000	2.122200	24.000000	666.000000	20.200000	377.730000	17.600000	17.800000
0.148660	20.000000	6.333600	1.000000	0.227360	0.846010	51.800000	2.357910	2.460000	86.970000	21.762000	50.800100	1.052800	35.200000
3.008147	0.000000	11.943800	0.000000	0.365820	3.842280	95.700000	0.409024	8.650000	80.600000	10.437000	211.523400	5.315400	14.600000
0.150968	0.000000	6.783000	0.000000	0.544050	1.718540	42.600000	1.738641	3.840000	187.680000	5.184000	234.171000	9.377100	24.500000
0.140520	0.000000	10.590000	0.000000	0.489000	6.375000	32.300000	3.945400	4.000000	277.000000	18.600000	385.810000	9.380000	28.100000
6.288070	0.000000	18.100000	0.000000	0.740000	6.341000	96.400000	2.072000	24.000000	666.000000	20.200000	318.010000	17.790000	14.900000
0.022771	80.000000	2.931900	0.000000	0.445760	1.620360	31.100000	3.107405	1.800000	128.060000	13.846000	47.628000	4.505600	19.400000
50.940600	0.000000	17.195000	0.000000	0.166320	3.921270	100.000000	0.541652	29.520000	299.700000	15.756000	165.537100	18.384000	5.000000
17.866700	0.000000	18.100000	0.000000	0.671000	6.223000	100.000000	1.386100	24.000000	666.000000	20.200000	393.740000	21.780000	10.200000
4.871410	0.000000	18.100000	0.000000	0.614000	6.484000	93.600000	2.305300	24.000000	666.000000	20.200000	396.210000	18.680000	16.700000
3.822000	0.000000	6.154000	0.000000	1.227930	4.122380	93.300000	0.255531	9.600000	672.660000	9.090000	163.359000	3.950800	13.900000
6.444050	0.000000	18.100000	0.000000	0.584000	6.425000	74.800000	2.200400	24.000000	666.000000	20.200000	97.950000	12.030000	16.100000
0.030410	0.000000	5.190000	0.000000	0.515000	5.895000	59.600000	5.615000	5.000000	224.000000	20.200000	394.810000	10.560000	18.500000
3.673670	0.000000	18.100000	0.000000	0.583000	6.312000	51.900000	3.991700	24.000000	666.000000	20.200000	388.620000	10.580000	21.200000
7.752230	0.000000	18.100000	0.000000	0.713000	6.301000	83.700000	2.783100	24.000000	666.000000	20.200000	272.210000	16.230000	14.900000
5.890720	0.000000	15.385000	0.000000	0.221920	1.224300	70.600000	1.176195	11.040000	486.180000	19.392000	3.212000	4.633200	11.700000
0.263630	0.000000	8.560000	0.000000	0.520000	6.229000	91.200000	2.545100	5.000000	384.000000	20.900000	391.230000	15.550000	19.400000
0.751788	0.000000	10.136000	0.000000	0.216080	4.322160	94.500000	2.387882	21.840000	346.320000	4.646000	162.332100	7.462000	19.100000
0.132620	0.000000	8.560000	0.000000	0.520000	5.851000	96.700000	2.106900	5.000000	384.000000	20.900000	394.050000	16.470000	19.500000
0.032370	0.000000	2.180000	0.000000	0.458000	6.998000	45.800000	6.062200	3.000000	222.000000	18.700000	394.630000	2.940000	33.400000
0.037166	12.500000	2.792200	0.000000	0.155420	5.826150	33.000000	3.703860	2.120000	124.200000	17.199000	95.256000	4.307100	20.900000
0.052020	0.000000	0.934800	0.000000	0.307440	5.933000	58.400000	0.282900	2.700000	146.680000	2.136000	285.768000	1.915200	37.200000
2.378570	0.000000	18.100000	0.000000	0.583000	5.871000	41.900000	3.724000	24.000000	666.000000	20.200000	370.730000	13.340000	20.600000
0.105986	0.000000	2.195000	0.000000	0.075140	5.485140	52.300000	3.686256	2.670000	264.000000	12.784000	142.197900	8.108800	17.200000
0.081870	0.000000	2.890000	0.000000	0.445000	7.820000	36.900000	3.495200	2.000000	276.000000	18.000000	393.530000	3.570000	43.800000
0.149234	0.000000	1.513400	0.000000	0.280840	3.278550	17.500000	0.898841	2.800000	225.700000	12.480000	233.702800	5.335200	21.700000
0.137072	0.000000	4.904900	0.000000	0.366490	0.948480	88.200000	0.591144	3.900000	293.760000	9.434000	51.736500	1.891200	18.300000
0.027310	0.000000	7.070000	0.000000	0.469000	6.421000	78.900000	4.967100	2.000000	242.000000	17.800000	396.900000	9.140000	21.600000
0.750260	0.000000	8.140000	0.000000	0.538000	5.924000	94.100000	4.399600	4.000000	307.000000	21.000000	394.330000	16.300000	15.600000
0.036150	80.000000	4.950000	0.000000	0.411000	6.630000	23.400000	5.116700	4.000000	245.000000	19.200000	396.900000	4.700000	27.900000
15.903624	0.000000	15.023000	0.000000	0.159640	5.139680	87.600000	1.053648	20.160000	366.300000	19.594000	87.465000	3.102000	20.800000
0.955770	0.000000	8.140000	0.000000	0.538000	6.047000	88.800000	4.453400	4.000000	307.000000	21.000000	306.380000	17.280000	14.800000
0.055150	33.000000	2.180000	0.000000	0.472000	7.236000	41.100000	4.022000	7.000000	222.000000	18.400000	393.680000	6.930000	36.100000
0.382140	0.000000	6.200000	0.000000	0.504000	8.040000	86.500000	3.215700	8.000000	307.000000	17.400000	387.380000	3.130000	37.600000
0.024731	0.000000	3.977300	0.000000	0.056810	2.011520	45.000000	0.900520	0.750000	55.720000	34.969000	321.913200	2.056200	21.400000
1.387990	0.000000	8.140000	0.000000	0.538000	5.950000	82.000000	3.990000	4.000000	307.000000	21.000000	232.600000	27.710000	13.200000
0.114250	0.000000	13.890000	1.000000	0.550000	6.373000	92.400000	3.363300	5.000000	276.000000	16.400000	393.740000	10.500000	23.000000
0.019262	0.000000	3.199500	0.000000	0.459000	4.939200	74.400000	1.078661	3.550000	130.240000	13.280000	367.793800	4.705600	29.900000
0.520580	0.000000	6.200000	1.000000	0.507000	6.631000	76.500000	4.148000	8.000000	307.000000	17.400000	388.450000	9.540000	25.100000
4.541920	0.000000	18.100000	0.000000	0.770000	6.398000	88.000000	2.518200	24.000000	666.000000	20.200000	374.560000	7.790000	25.000000
0.061290	20.000000	3.330000	1.000000	0.442900	7.645000	49.700000	5.211900	5.000000	216.000000	14.900000	377.070000	3.010000	46.000000
0.003223	18.000000	0.646800	0.000000	0.258240	3.616250	65.200000	2.903900	0.690000	222.000000	10.710000	150.822000	2.788800	24.000000
0.037050	20.000000	3.330000	0.000000	0.442900	6.968000	37.200000	5.244700	5.000000	216.000000	14.900000	392.230000	4.590000	35.400000
0.109788	0.000000	2.279200	0.000000	0.419640	2.575700	81.700000	1.447686	2.920000	98.240000	19.740000	278.460000	9.828900	17.500000
20.502386	0.000000	2.715000	0.000000	0.453720	1.644480	100.000000	1.157745	10.800000	546.120000	21.008000	57.395200	18.593200	27.500000
0.115040	0.000000	2.890000	0.000000	0.445000	6.163000	69.600000	3.495200	2.000000	276.000000	18.000000	391.830000	11.340000	21.400000
0.016481	21.000000	4.060800	0.000000	0.087800	2.812900	63.000000	3.748085	3.800000	140.940000	2.688000	177.286500	7.544000	20.500000
22.499752	0.000000	4.525000	0.000000	0.083580	0.805980	100.000000	0.254340	16.800000	539.460000	8.282000	1.430000	4.549500	15.000000
0.053720	0.000000	13.920000	0.000000	0.437000	6.549000	51.000000	5.960400	4.000000	289.000000	16.000000	392.850000	7.390000	27.100000
0.050590	0.000000	4.490000	0.000000	0.449000	6.389000	48.000000	4.779400	3.000000	247.000000	18.500000	396.900000	9.620000	23.900000
0.772990	0.000000	8.140000	0.000000	0.538000	6.495000	94.400000	4.454700	4.000000	307.000000	21.000000	387.940000	12.800000	18.400000
73.534100	0.000000	18.100000	0.000000	0.679000	5.957000	100.000000	1.802600	24.000000	666.000000	20.200000	16.450000	20.620000	8.800000
0.024110	0.000000	2.028100	0.000000	0.217740	1.019100	89.300000	0.430002	0.290000	182.910000	38.850000	299.022000	9.979200	22.000000
19.609100	0.000000	18.100000	0.000000	0.671000	7.313000	97.900000	1.316300	24.000000	666.000000	20.200000	396.900000	13.440000	15.000000
0.063785	30.000000	4.831400	0.000000	0.196880	4.666890	7.800000	6.261595	1.020000	180.000000	5.810000	251.055700	0.986100	23.700000
0.557780	0.000000	21.890000	0.000000	0.624000	6.335000	98.200000	2.110700	4.000000	437.000000	21.200000	394.670000	16.960000	18.100000
0.132282	0.000000	19.919900	0.000000	0.343200	6.536200	93.500000	0.609739	0.960000	437.000000	16.324000	363.120000	15.717000	17.400000
0.038261	80.000000	1.155200	0.000000	0.161600	1.350330	36.600000	2.485060	1.440000	276.360000	2.772000	134.637800	4.821600	30.300000
13.075100	0.000000	18.100000	0.000000	0.580000	5.713000	56.700000	2.823700	24.000000	666.000000	20.200000	396.900000	14.760000	20.100000
4.084156	0.000000	9.955000	0.000000	0.621600	4.035780	97.200000	1.569476	6.480000	99.900000	12.726000	127.366800	2.342400	17.100000
4.095718	0.000000	6.335000	1.000000	0.369600	2.669380	89.000000	0.323799	14.880000	566.100000	2.626000	67.077600	5.270400	16.800000
0.207296	22.000000	5.567000	0.000000	0.099130	4.397760	34.900000	1.369435	4.200000	105.600000	3.438000	312.144000	2.290000	24.300000
0.174460	0.000000	10.590000	1.000000	0.489000	5.960000	92.100000	3.877100	4.000000	277.000000	18.600000	393.250000	17.270000	21.700000
20.084900	0.000000	18.100000	0.000000	0.700000	4.368000	91.200000	1.439500	24.000000	666.000000	20.200000	285.830000	30.630000	8.800000
25.940600	0.000000	18.100000	0.000000	0.679000	5.304000	89.100000	1.647500	24.000000	666.000000	20.200000	127.360000	26.640000	10.400000
0.056600	0.000000	3.410000	0.000000	0.489000	7.007000	86.300000	3.421700	2.000000	270.000000	17.800000	396.900000	5.500000	23.600000
0.024980	0.000000	1.890000	0.000000	0.518000	6.540000	59.700000	6.266900	1.000000	422.000000	15.900000	389.960000	8.650000	16.500000
0.110270	25.000000	5.130000	0.000000	0.453000	6.456000	67.800000	7.225500	8.000000	284.000000	19.700000	396.900000	6.730000	22.200000
0.049103	40.000000	6.025400	1.000000	0.357600	3.649320	32.900000	2.935872	3.320000	53.340000	9.152000	392.931000	2.118000	32.400000
1.151720	0.000000	8.140000	0.000000	0.538000	5.701000	95.000000	3.787200	4.000000	307.000000	21.000000	358.770000	18.350000	13.100000
5.708180	0.000000	18.100000	0.000000	0.532000	6.750000	74.900000	3.331700	24.000000	666.000000	20.200000	393.070000	7.740000	23.700000
3.163600	0.000000	18.100000	0.000000	0.655000	5.759000	48.200000	3.066500	24.000000	666.000000	20.200000	334.400000	14.130000	19.900000
0.060760	0.000000	11.930000	0.000000	0.573000	6.976000	91.000000	2.167500	1.000000	273.000000	21.000000	396.900000	5.640000	23.900000
0.017621	12.500000	5.666400	0.000000	0.403480	4.506750	82.900000	3.860554	0.750000	93.300000	9.728000	158.760000	13.137300	18.900000
0.034660	35.000000	6.060000	0.000000	0.437900	6.031000	23.300000	6.640700	1.000000	304.000000	16.900000	362.250000	7.830000	19.400000
6.257076	0.000000	6.878000	0.000000	0.299460	6.871530	84.400000	1.657675	18.960000	586.080000	9.090000	202.419000	6.909000	20.000000
0.018495	85.000000	0.421800	0.000000	0.299300	2.872350	35.700000	1.286264	1.940000	206.580000	7.612000	289.737000	0.692400	24.700000
0.146444	0.000000	16.417500	0.000000	0.149760	5.659280	98.800000	0.851875	3.120000	384.560000	9.116000	111.132000	13.697100	18.000000
14.236200	0.000000	18.100000	0.000000	0.693000	6.343000	100.000000	1.574100	24.000000	666.000000	20.200000	396.900000	20.320000	7.200000
4.555870	0.000000	18.100000	0.000000	0.718000	3.561000	87.900000	1.613200	24.000000	666.000000	20.200000	354.700000	7.120000	27.500000
0.017552	40.000000	3.397300	0.000000	0.089400	8.750700	32.100000	1.366299	6.400000	43.180000	3.344000	95.256000	3.235500	29.100000
13.706616	0.000000	4.887000	0.000000	0.342200	1.600020	71.000000	1.017940	16.560000	592.740000	3.030000	206.494400	8.702400	19.100000
7.478163	0.000000	7.964000	0.000000	0.441700	4.848480	100.000000	0.210438	13.440000	239.760000	12.322000	259.966500	2.191900	50.000000
0.010960	55.000000	2.250000	0.000000	0.389000	6.453000	31.900000	7.307300	1.000000	300.000000	15.300000	394.720000	8.230000	22.000000
0.229270	0.000000	6.910000	0.000000	0.448000	6.030000	85.500000	5.689400	3.000000	233.000000	17.900000	392.740000	18.800000	16.600000
0.070672	0.000000	8.208000	0.000000	0.557760	4.649580	92.900000	0.688677	1.720000	63.920000	6.494000	147.455100	12.909600	20.500000
0.290900	0.000000	21.890000	0.000000	0.624000	6.174000	93.600000	1.611900	4.000000	437.000000	21.200000	388.080000	24.160000	14.000000
0.211240	12.500000	7.870000	0.000000	0.524000	5.631000	100.000000	6.082100	5.000000	311.000000	15.200000	386.630000	29.930000	16.500000
0.834999	0.000000	4.884000	0.000000	0.457300	3.280750	89.200000	3.089471	3.920000	190.340000	20.370000	278.696300	5.946900	19.600000
11.160400	0.000000	18.100000	0.000000	0.740000	6.629000	94.600000	2.124700	24.000000	666.000000	20.200000	109.850000	23.270000	13.400000
0.631595	0.000000	2.442000	0.000000	0.134500	1.511380	90.300000	4.494720	3.520000	227.180000	14.700000	60.300800	13.921400	16.600000
0.079500	60.000000	1.690000	0.000000	0.411000	6.579000	35.900000	10.710300	4.000000	411.000000	18.300000	370.780000	5.490000	24.100000
0.775818	0.000000	8.615200	0.000000	0.426790	1.463280	100.000000	1.455936	2.800000	132.990000	2.352000	38.932100	12.154500	15.600000
0.915426	0.000000	9.774000	1.000000	0.410150	3.578160	97.500000	0.529056	19.920000	1132.200000	6.060000	388.129500	0.355200	50.000000
5.912528	0.000000	13.937000	0.000000	0.488400	5.814900	93.300000	0.380494	15.840000	93.240000	8.484000	17.043800	10.649500	9.600000
0.119388	0.000000	2.952000	0.000000	0.453560	8.276170	49.900000	2.502183	1.700000	74.620000	18.816000	103.194000	2.618000	20.400000
0.014124	0.000000	2.263200	0.000000	0.409920	3.586560	89.800000	2.778747	2.820000	104.220000	9.612000	222.870000	1.398000	26.400000
0.041130	25.000000	4.860000	0.000000	0.426000	6.727000	33.500000	5.400700	4.000000	281.000000	19.000000	396.900000	5.290000	28.000000
0.570989	0.000000	4.887000	0.000000	0.510400	6.050780	75.000000	4.866120	18.240000	126.540000	7.070000	208.486100	11.918800	23.200000
0.068663	22.000000	3.281600	0.000000	0.129300	1.343600	17.500000	1.565300	3.430000	316.800000	26.167000	307.117200	2.952000	26.200000
0.062548	20.000000	1.879200	1.000000	0.199520	2.190400	61.500000	3.134000	0.660000	153.870000	3.720000	180.016400	11.602500	20.700000
0.018274	80.000000	0.475200	0.000000	0.265650	1.059100	31.500000	2.363192	0.550000	161.470000	14.196000	78.568000	11.895600	20.100000
0.125790	45.000000	3.440000	0.000000	0.437000	6.556000	29.100000	4.566700	5.000000	398.000000	15.200000	382.840000	4.560000	29.800000
0.089879	0.000000	4.161000	0.000000	0.073080	3.709460	98.800000	1.158222	0.520000	248.850000	15.276000	304.285800	17.527900	13.600000
0.088730	21.000000	5.640000	0.000000	0.439000	5.963000	45.700000	6.814700	4.000000	243.000000	16.800000	395.560000	13.450000	19.700000
0.289600	0.000000	9.690000	0.000000	0.585000	5.390000	72.900000	2.798600	6.000000	391.000000	19.200000	396.900000	21.140000	19.700000
1.227789	0.000000	14.842000	0.000000	0.408100	5.250840	91.100000	1.629805	3.840000	639.360000	17.574000	220.909500	13.906200	19.900000
0.247397	0.000000	3.782000	0.000000	0.070560	8.452080	21.400000	2.936337	7.280000	251.740000	4.872000	380.340000	2.143200	31.500000
0.785700	20.000000	3.970000	0.000000	0.647000	7.014000	84.600000	2.132900	5.000000	264.000000	13.000000	384.070000	14.790000	30.700000
0.224380	0.000000	9.690000	0.000000	0.585000	6.027000	79.700000	2.498200	6.000000	391.000000	19.200000	396.900000	14.330000	16.800000
6.393120	0.000000	18.100000	0.000000	0.584000	6.162000	97.400000	2.206000	24.000000	666.000000	20.200000	302.760000	24.100000	13.300000
0.100000	34.000000	6.090000	0.000000	0.433000	6.982000	17.700000	5.491700	7.000000	329.000000	16.100000	390.430000	4.860000	33.100000
0.330450	0.000000	6.200000	0.000000	0.507000	6.086000	61.500000	3.651900	8.000000	307.000000	17.400000	376.750000	10.880000	24.000000
1.656600	0.000000	19.580000	0.000000	0.871000	6.122000	97.300000	1.618000	5.000000	403.000000	14.700000	372.800000	14.100000	21.500000
0.044881	33.000000	1.678600	0.000000	0.330400	6.849000	70.300000	2.036928	3.780000	142.080000	15.272000	325.458000	7.153500	28.200000
4.835670	0.000000	18.100000	0.000000	0.583000	5.905000	53.200000	3.152300	24.000000	666.000000	20.200000	388.220000	11.450000	20.600000
0.079621	20.000000	1.468900	0.000000	0.368790	6.966350	100.000000	1.004138	6.200000	198.000000	6.500000	61.326400	6.465700	36.000000
0.013810	80.000000	0.460000	0.000000	0.422000	7.875000	32.000000	5.648400	4.000000	255.000000	14.400000	394.230000	2.970000	50.000000
0.402020	0.000000	9.900000	0.000000	0.544000	6.382000	67.200000	3.532500	4.000000	304.000000	18.400000	395.210000	10.360000	23.100000
1.828609	0.000000	6.878000	0.000000	0.285200	5.628840	90.000000	1.350700	37.680000	612.720000	16.564000	86.778200	6.403800	16.400000
0.175050	0.000000	5.960000	0.000000	0.499000	5.966000	30.200000	3.847300	5.000000	279.000000	19.200000	393.430000	10.130000	24.700000
0.016392	28.000000	6.166400	0.000000	0.389760	2.447960	53.600000	0.953134	2.040000	135.000000	16.744000	134.303400	7.833600	22.900000
2.313900	0.000000	19.580000	0.000000	0.605000	5.880000	97.300000	2.388700	5.000000	403.000000	14.700000	348.130000	12.030000	19.100000
0.078170	0.000000	7.313100	0.000000	0.336490	4.077450	6.000000	1.275450	2.500000	51.740000	13.651000	165.866400	1.966200	24.100000
18.830950	0.000000	4.344000	0.000000	0.081480	0.620200	78.700000	0.670644	21.360000	253.080000	6.262000	9.221800	13.213200	10.900000
0.022365	0.000000	4.411500	0.000000	0.092700	5.873880	38.100000	2.583360	1.650000	85.120000	14.140000	378.018700	5.055200	22.200000
0.061510	0.000000	5.190000	0.000000	0.515000	5.968000	58.500000	4.812200	5.000000	224.000000	20.200000	396.900000	9.290000	18.700000
4.185997	0.000000	13.213000	0.000000	0.228160	6.189760	94.100000	2.446178	20.160000	133.200000	2.222000	5.277200	16.839000	14.900000
0.139600	0.000000	8.560000	0.000000	0.520000	6.167000	90.000000	2.421000	5.000000	384.000000	20.900000	392.690000	12.330000	20.100000
0.010145	17.500000	1.048800	0.000000	0.141474	6.748800	59.500000	5.257053	2.700000	177.120000	10.044000	349.983600	7.164500	33.000000
9.924850	0.000000	18.100000	0.000000	0.740000	6.251000	96.600000	2.198000	24.000000	666.000000	20.200000	388.520000	16.440000	12.600000
1.829273	0.000000	34.265000	0.000000	0.417450	7.294680	96.200000	0.818360	2.550000	80.600000	26.754000	225.273000	0.703000	50.000000
0.021770	82.500000	2.030000	0.000000	0.415000	7.610000	15.700000	6.270000	2.000000	348.000000	14.700000	395.380000	3.110000	42.300000
0.012716	85.000000	0.954500	0.000000	0.356070	2.215440	27.700000	4.865121	1.000000	245.700000	4.475000	251.155200	6.232800	23.100000
5.581070	0.000000	18.100000	0.000000	0.713000	6.436000	87.900000	2.315800	24.000000	666.000000	20.200000	100.190000	16.220000	14.300000
0.078084	0.000000	3.025800	0.000000	0.157760	6.248480	54.300000	7.537064	3.300000	60.270000	12.740000	388.962000	1.030500	23.100000
9.115925	0.000000	17.014000	0.000000	0.457380	2.049280	100.000000	1.409540	6.480000	259.740000	11.716000	195.577200	4.468200	12.100000
18.498200	0.000000	18.100000	0.000000	0.668000	4.138000	100.000000	1.137000	24.000000	666.000000	20.200000	396.900000	37.970000	13.800000
2.328942	0.000000	6.335000	0.000000	0.175000	2.420400	82.500000	1.820952	7.920000	619.380000	13.736000	325.406800	7.879200	23.200000
0.471770	0.000000	3.581600	0.000000	0.172160	4.925220	69.500000	1.556565	1.800000	478.920000	11.970000	218.932000	1.128000	18.200000
0.015010	80.000000	2.010000	0.000000	0.435000	6.635000	29.700000	8.344000	4.000000	280.000000	17.000000	390.940000	5.990000	24.500000
0.198020	0.000000	10.590000	0.000000	0.489000	6.182000	42.400000	3.945400	4.000000	277.000000	18.600000	393.630000	9.470000	25.000000
0.015380	90.000000	3.750000	0.000000	0.394000	7.454000	34.200000	6.336100	3.000000	244.000000	15.900000	386.340000	3.110000	44.000000
0.011709	25.000000	3.742200	0.000000	0.281160	5.986900	32.200000	4.860630	3.840000	205.130000	18.240000	202.419000	1.075200	24.800000
0.334031	0.000000	2.673000	0.000000	0.168640	1.065220	82.800000	2.022936	2.200000	66.880000	8.280000	86.545800	2.291000	21.600000
0.219770	0.000000	6.910000	0.000000	0.448000	5.602000	62.000000	6.087700	3.000000	233.000000	17.900000	396.900000	16.200000	19.400000
0.015242	80.000000	1.140000	0.000000	0.399960	1.603140	34.100000	1.827250	1.040000	69.090000	7.560000	87.318000	2.692800	33.300000
0.089456	12.500000	1.760300	0.000000	0.331290	1.398500	36.800000	3.443940	2.400000	120.750000	8.316000	281.799000	1.439900	17.400000
0.100840	0.000000	10.010000	0.000000	0.547000	6.715000	81.600000	2.677500	6.000000	432.000000	17.800000	395.590000	10.160000	22.800000
0.143331	0.000000	2.728000	1.000000	0.309270	4.909980	66.500000	2.848482	5.760000	52.190000	14.442000	79.244000	3.622500	29.000000
1.197886	0.000000	14.661000	0.000000	0.199640	5.243110	83.000000	0.710944	4.320000	266.400000	5.252000	281.799000	3.637400	19.500000
0.165735	0.000000	2.170000	0.000000	0.365040	5.113140	70.400000	1.168608	8.640000	141.220000	15.312000	125.053500	1.106000	48.300000
0.425326	0.000000	12.922800	1.000000	0.411400	5.695000	93.900000	0.410780	3.750000	52.390000	4.410000	318.529000	2.158000	50.000000
1.239767	0.000000	5.874000	0.000000	0.635830	5.859000	100.000000	1.624628	4.800000	44.330000	4.263000	222.229100	7.020500	23.300000
1.251462	0.000000	5.068000	0.000000	0.235290	3.660250	98.200000	1.036288	15.600000	552.780000	11.918000	71.058000	2.304900	15.200000
0.035034	22.000000	4.219200	0.000000	0.068960	3.691380	76.500000	3.897901	5.110000	125.400000	28.077000	286.817300	12.500000	17.600000
0.056460	0.000000	12.830000	0.000000	0.437000	6.232000	53.700000	5.014100	5.000000	398.000000	18.700000	386.400000	12.340000	21.200000
0.046345	0.000000	2.916000	0.000000	0.061200	3.311000	47.200000	0.710980	4.400000	251.600000	8.798000	184.818100	10.008900	23.200000
0.034270	0.000000	5.190000	0.000000	0.515000	5.869000	46.300000	5.231100	5.000000	224.000000	20.200000	396.900000	9.800000	19.500000
9.823490	0.000000	18.100000	0.000000	0.671000	6.794000	98.800000	1.358000	24.000000	666.000000	20.200000	396.900000	21.240000	13.300000
0.097440	0.000000	5.960000	0.000000	0.499000	5.841000	61.400000	3.377900	5.000000	279.000000	19.200000	377.560000	11.410000	20.000000
0.030490	55.000000	3.780000	0.000000	0.484000	6.874000	28.100000	6.465400	5.000000	370.000000	17.600000	387.970000	4.610000	31.200000
3.183673	0.000000	2.715000	0.000000	0.292530	4.830620	97.900000	1.047384	15.120000	239.760000	13.736000	179.344800	6.864000	17.200000
1.126580	0.000000	19.580000	1.000000	0.871000	5.012000	88.000000	1.610200	5.000000	403.000000	14.700000	343.280000	12.120000	15.300000
41.529200	0.000000	18.100000	0.000000	0.693000	5.531000	85.400000	1.607400	24.000000	666.000000	20.200000	329.460000	27.380000	8.500000
0.052080	0.000000	4.009500	0.000000	0.540600	2.589150	73.400000	1.393350	3.300000	71.040000	8.798000	59.340000	3.962700	24.600000
0.264767	0.000000	2.066400	0.000000	0.350030	4.630320	14.700000	4.874310	2.800000	86.100000	19.796000	173.219200	1.524000	24.600000
0.043378	25.000000	2.462400	0.000000	0.212910	2.963500	47.200000	1.317080	3.040000	284.000000	19.503000	146.853000	1.014200	19.600000
2.381103	0.000000	1.810000	0.000000	0.392150	4.183200	87.900000	1.883838	12.480000	226.440000	9.696000	6.288000	5.893100	12.700000
0.269188	0.000000	9.398400	0.000000	0.193600	3.540930	97.400000	1.539386	1.750000	88.660000	7.938000	243.498100	4.452300	41.300000
0.253560	0.000000	9.900000	0.000000	0.544000	5.705000	77.700000	3.945000	4.000000	304.000000	18.400000	396.420000	11.500000	16.200000
0.033060	0.000000	5.190000	0.000000	0.515000	6.059000	37.300000	4.812200	5.000000	224.000000	20.200000	396.140000	8.510000	20.600000
11.577900	0.000000	18.100000	0.000000	0.700000	5.036000	97.000000	1.770000	24.000000	666.000000	20.200000	396.900000	25.680000	9.700000
0.116407	0.000000	10.405800	0.000000	0.330310	2.226120	74.300000	2.549394	4.800000	34.440000	6.468000	78.226000	8.335400	18.500000
3.821446	0.000000	3.861000	0.000000	0.446080	2.834610	37.800000	0.755820	2.800000	252.320000	14.720000	290.873500	2.907200	16.100000
0.135633	22.000000	3.867600	0.000000	0.142230	3.984640	79.200000	5.236075	3.850000	402.600000	13.370000	248.252400	12.383000	20.500000
11.108100	0.000000	18.100000	0.000000	0.668000	4.906000	100.000000	1.174200	24.000000	666.000000	20.200000	396.900000	34.770000	13.800000
1.296455	0.000000	9.412000	0.000000	0.095760	2.881000	40.300000	4.098300	3.360000	199.800000	15.554000	137.522000	2.500800	21.800000
0.047410	0.000000	11.930000	0.000000	0.573000	6.030000	80.800000	2.505000	1.000000	273.000000	21.000000	396.900000	7.880000	11.900000
